name,date,hours,subject
Inka Kaalikoski,2025-08-28,1.0,Meetings
Inka Kaalikoski,2025-09-01,2.0,Meetings
Inka Kaalikoski,2025-09-02,1.0,Technical Work
Inka Kaalikoski,2025-09-02,3.0,Documentation
Inka Kaalikoski,2025-09-04,1.0,Meetings
Inka Kaalikoski,2025-09-06,2.0,Technical Work
Inka Kaalikoski,2025-09-08,1.0,Research
Inka Kaalikoski,2025-09-09,1.0,Meetings
Inka Kaalikoski,2025-09-11,6.0,Technical Work
Inka Kaalikoski,2025-09-15,1.0,Meetings
Inka Kaalikoski,2025-09-17,8.0,Technical Work
Inka Kaalikoski,2025-09-18,0.5,Documentation
Inka Kaalikoski,2025-09-20,1.0,Research
Inka Kaalikoski,2025-09-21,1.0,Research
Inka Kaalikoski,2025-09-22,0.75,Documentation
Inka Kaalikoski,2025-09-23,1.5,Meetings
Inka Kaalikoski,2025-09-23,2.0,Documentation
Inka Kaalikoski,2025-09-25,1.0,Research
Inka Kaalikoski,2025-09-25,2.0,Technical Work
Inka Kaalikoski,2025-09-26,6.0,Technical Work
Inka Kaalikoski,2025-09-27,4.0,Technical Work
Inka Kaalikoski,2025-09-28,1.5,Documentation
