name,date,hours,subject
Jiska Laaksovirta,2025-08-28,1.0,Meetings
Jiska Laaksovirta,2025-09-01,2.0,Meetings
Jiska Laaksovirta,2025-09-04,1.0,Meetings
Jiska Laaksovirta,2025-09-05,4.0,Technical Work
Jiska Laaksovirta,2025-09-05,2.0,Meetings
Jiska Laaksovirta,2025-09-06,5.0,Technical Work
Jiska Laaksovirta,2025-09-08,0.5,Testing
Jiska Laaksovirta,2025-09-08,0.5,Research
Jiska Laaksovirta,2025-09-09,1.0,Meetings
Jiska Laaksovirta,2025-09-12,6.0,Technical Work
Jiska Laaksovirta,2025-09-15,1.0,Meetings
Jiska Laaksovirta,2025-09-19,6.0,Technical Work
Jiska Laaksovirta,2025-09-20,3.0,Technical Work
Jiska Laaksovirta,2025-09-21,1.0,Technical Work
Jiska Laaksovirta,2025-09-23,1.5,Meetings
Jiska Laaksovirta,2025-09-25,1.0,Research
Jiska Laaksovirta,2025-09-26,4.0,Technical Work
Jiska Laaksovirta,2025-09-27,4.0,Technical Work
