name,date,hours,subject
Mirka Romppanen,2025-08-28,2.0,Technical Work
Mirka Romppanen,2025-08-28,1.0,Meetings
Mirka Romppanen,2025-09-01,2.0,Meetings
Mirka Romppanen,2025-09-03,3.0,Technical Work
Mirka Romppanen,2025-09-04,1.0,Technical Work
Mirka Romppanen,2025-09-05,1.0,Research
Mirka Romppanen,2025-09-05,1.0,Technical Work
Mirka Romppanen,2025-09-07,1.0,Technical Work
Mirka Romppanen,2025-09-07,0.5,Meetings
Mirka Romppanen,2025-09-08,1.0,Documentation
Mirka Romppanen,2025-09-09,0.75,Meetings
Mirka Romppanen,2025-09-10,3.0,Technical Work
Mirka Romppanen,2025-09-11,0.5,Testing
Mirka Romppanen,2025-09-12,1.0,Testing
Mirka Romppanen,2025-09-12,0.5,Meetings
Mirka Romppanen,2025-09-20,2.0,Testing
Mirka Romppanen,2025-09-20,1.0,Research
Mirka Romppanen,2025-09-20,2.0,Technical Work
Mirka Romppanen,2025-09-21,1.0,Technical Work
Mirka Romppanen,2025-09-22,1.0,Technical Work
Mirka Romppanen,2025-09-22,2.0,Research
Mirka Romppanen,2025-09-23,1.5,Meetings
Mirka Romppanen,2025-09-23,2.0,Technical Work
Mirka Romppanen,2025-09-24,2.0,Technical Work
Mirka Romppanen,2025-09-25,1.0,Meetings
Mirka Romppanen,2025-09-25,4.0,Technical Work
Mirka Romppanen,2025-09-26,4.0,Technical Work
Mirka Romppanen,2025-09-27,3.0,Testing
Mirka Romppanen,2025-09-27,1.25,Technical Work
Mirka Romppanen,2025-09-28,1.0,Technical Work
Mirka Romppanen,2025-09-30,4.0,Technical Work
Mirka Romppanen,2025-09-30,1.5,Meetings
Mirka Romppanen,2025-10-01,6.75,Technical Work
